Num_Cta,Cli_codigo,TipoCuenta,Sucursal,FechaApertura,Saldo
191-10001-54,C0001,CTA AHORROS SOLES,Cajamarca,11/04/2010,10875.32
191-10002-94,C0002,CTA AHORROS DOLARES,La Molina,29/05/2010,12737.34
191-10003-11,C0003,CTA AHORROS DOLARES,Lince,15/10/2023,11623.22
191-10004-27,C0004,CTA AHORROS DOLARES,Callao,04/06/2014,9806.1
191-10005-48,C0005,CTA AHORROS SOLES,Callao,16/11/2013,14464.35
191-10006-12,C0006,CTA AHORROS SOLES,Callao,01/06/2012,8927.2
191-10007-53,C0007,CTA AHORROS SOLES,Miraflores,11/07/2017,10860.71
191-10008-12,C0008,CTA AHORROS SOLES,Lince,09/09/2021,4115.96
191-10009-68,C0009,CTA AHORROS SOLES,La Molina,15/02/2020,9418.79
191-10010-19,C0010,CTA CORRIENTE,Surco,15/05/2013,2818.44
191-10011-47,C0011,CTA CORRIENTE,San Isidro,22/04/2024,14599.84
191-10012-31,C0012,CTA AHORROS SOLES,Callao,26/10/2017,3726.31
191-10013-36,C0013,CTA AHORROS SOLES,La Molina,18/04/2013,12419.9
191-10014-47,C0014,CTA AHORROS SOLES,Callao,08/01/2010,2474.77
191-10015-72,C0015,CTA AHORROS SOLES,Cajamarca,14/02/2024,1046.44
191-10016-78,C0016,CTA AHORROS SOLES,Callao,28/12/2023,8708.46
191-10017-66,C0017,CTA CORRIENTE,Callao,11/04/2011,14130.11
191-10018-20,C0018,CTA AHORROS SOLES,Lince,22/04/2022,5894.56
191-10019-33,C0019,CTA AHORROS SOLES,Callao,17/10/2016,4144.38
191-10020-28,C0020,CTA AHORROS SOLES,Callao,10/05/2023,14807.05
191-10021-69,C0021,CTA AHORROS DOLARES,La Molina,05/01/2015,8630.82
191-10022-77,C0022,CTA AHORROS SOLES,Callao,03/11/2016,11104.55
191-10023-58,C0023,CTA AHORROS SOLES,Miraflores,16/11/2024,6717.8
191-10024-97,C0024,CTA AHORROS SOLES,Surco,26/05/2012,7978.61
191-10025-17,C0025,CTA AHORROS SOLES,San Isidro,11/04/2015,9579.6
191-10026-32,C0026,CTA AHORROS SOLES,Miraflores,17/07/2012,2356.52
191-10027-37,C0027,CTA AHORROS SOLES,Miraflores,01/04/2020,635.43
191-10028-22,C0028,CTA AHORROS SOLES,Cajamarca,06/09/2016,12162.05
191-10029-12,C0029,CTA CORRIENTE,Cajamarca,01/06/2019,1489.21
191-10030-83,C0030,CTA AHORROS SOLES,Callao,04/12/2024,3072.71
191-10031-75,C0031,CTA AHORROS SOLES,Cajamarca,18/05/2021,3297.15
191-10032-57,C0032,CTA CORRIENTE,Surco,21/02/2021,4898.14
191-10033-61,C0033,CTA AHORROS DOLARES,San Isidro,21/08/2024,6447.52
191-10034-67,C0034,CTA AHORROS SOLES,San Isidro,18/06/2018,8601.07
191-10035-24,C0035,CTA CORRIENTE,San Isidro,06/11/2019,6561.27
191-10036-65,C0036,CTA AHORROS SOLES,Surco,24/04/2013,10170.53
191-10037-40,C0037,CTA AHORROS DOLARES,Cajamarca,02/08/2010,13540.98
191-10038-22,C0038,CTA AHORROS SOLES,Surco,15/07/2010,13322.53
191-10039-98,C0039,CTA CORRIENTE,Cajamarca,07/08/2012,6893.34
191-10040-50,C0040,CTA AHORROS SOLES,Cajamarca,19/03/2019,732.97
191-10041-67,C0041,CTA AHORROS SOLES,Callao,24/01/2022,11040.72
191-10042-63,C0042,CTA AHORROS DOLARES,Lince,08/09/2013,13771.25
191-10043-26,C0043,CTA AHORROS DOLARES,San Isidro,14/07/2015,3097.52
191-10044-74,C0044,CTA AHORROS SOLES,Miraflores,08/11/2018,10653.25
191-10045-32,C0045,CTA AHORROS DOLARES,Surco,07/10/2019,10267.93
191-10046-68,C0046,CTA AHORROS SOLES,Lince,10/01/2014,10877.38
191-10047-49,C0047,CTA AHORROS DOLARES,Miraflores,23/07/2016,6075.6
191-10048-54,C0048,CTA AHORROS SOLES,La Molina,29/07/2018,6102.77
191-10049-28,C0049,CTA AHORROS DOLARES,La Molina,19/12/2020,8524.21
191-10050-53,C0050,CTA AHORROS SOLES,Lince,01/10/2013,1747.94
191-10051-59,C0051,CTA CORRIENTE,Lince,30/10/2010,10378.88
191-10052-11,C0052,CTA AHORROS DOLARES,Cajamarca,15/09/2021,3292.1
191-10053-12,C0053,CTA AHORROS DOLARES,San Isidro,10/01/2012,1988.28
191-10054-63,C0054,CTA CORRIENTE,Miraflores,20/10/2020,694.32
191-10055-81,C0055,CTA AHORROS SOLES,Miraflores,13/12/2013,10488.32
191-10056-47,C0056,CTA AHORROS SOLES,Surco,03/03/2020,688.97
191-10057-61,C0057,CTA AHORROS SOLES,Surco,13/06/2021,6484.26
191-10058-39,C0058,CTA AHORROS DOLARES,Cajamarca,07/07/2020,12601.5
191-10059-68,C0059,CTA AHORROS SOLES,San Isidro,15/12/2013,14662.73
191-10060-79,C0060,CTA AHORROS DOLARES,Miraflores,20/07/2015,5953.38
191-10061-36,C0061,CTA CORRIENTE,La Molina,31/07/2019,9815.71
191-10062-38,C0062,CTA AHORROS DOLARES,La Molina,13/09/2013,3633.02
191-10063-29,C0063,CTA CORRIENTE,La Molina,15/08/2014,10721.54
191-10064-75,C0064,CTA AHORROS SOLES,Callao,30/11/2021,1515.47
191-10065-74,C0065,CTA CORRIENTE,Lince,08/02/2022,3126.33
191-10066-45,C0066,CTA AHORROS SOLES,Miraflores,24/06/2023,10141.01
191-10067-89,C0067,CTA CORRIENTE,La Molina,14/02/2020,13989.07
191-10068-18,C0068,CTA CORRIENTE,San Isidro,20/12/2017,8333.24
191-10069-16,C0069,CTA AHORROS SOLES,Miraflores,16/12/2019,2216.35
191-10070-40,C0070,CTA AHORROS DOLARES,Cajamarca,09/05/2016,9567.04
191-10071-86,C0071,CTA AHORROS SOLES,Lince,12/08/2021,12055.48
191-10072-96,C0072,CTA AHORROS SOLES,Callao,11/01/2011,12932.14
191-10073-99,C0073,CTA AHORROS DOLARES,Lince,02/11/2016,9118.29
191-10074-88,C0074,CTA AHORROS DOLARES,Cajamarca,27/04/2010,9358.99
191-10075-84,C0075,CTA AHORROS DOLARES,Surco,28/02/2019,12898.34
191-10076-85,C0076,CTA AHORROS DOLARES,Cajamarca,02/01/2017,14468.26
191-10077-46,C0077,CTA AHORROS SOLES,Lince,19/09/2019,1500.65
191-10078-43,C0078,CTA AHORROS DOLARES,Cajamarca,28/01/2017,13978.58
191-10079-33,C0079,CTA CORRIENTE,Miraflores,24/06/2021,8286.69
191-10080-85,C0080,CTA AHORROS SOLES,La Molina,09/02/2018,1785.75
191-10081-37,C0081,CTA AHORROS DOLARES,Miraflores,07/06/2023,7913.97
191-10082-87,C0082,CTA AHORROS DOLARES,Cajamarca,18/09/2023,5103.58
191-10083-61,C0083,CTA AHORROS SOLES,San Isidro,03/10/2017,3952.4
191-10084-54,C0084,CTA AHORROS SOLES,La Molina,29/12/2018,3649.1
191-10085-87,C0085,CTA AHORROS SOLES,Callao,06/07/2017,9908.8
191-10086-46,C0086,CTA AHORROS SOLES,Lince,11/08/2014,13619.98
191-10087-20,C0087,CTA AHORROS SOLES,Cajamarca,02/10/2020,10104.86
191-10088-40,C0088,CTA AHORROS SOLES,San Isidro,25/11/2010,5530.51
191-10089-60,C0089,CTA AHORROS SOLES,Cajamarca,29/11/2022,13932.73
191-10090-76,C0090,CTA AHORROS DOLARES,La Molina,10/07/2021,10622.34
191-10091-76,C0091,CTA CORRIENTE,Callao,20/08/2018,4580.54
191-10092-64,C0092,CTA AHORROS SOLES,San Isidro,27/08/2014,10944.4
191-10093-15,C0093,CTA CORRIENTE,Callao,19/06/2015,12626.93
191-10094-27,C0094,CTA AHORROS SOLES,Surco,20/05/2020,7745.33
191-10095-15,C0095,CTA CORRIENTE,Miraflores,30/12/2018,8859.74
191-10096-77,C0096,CTA AHORROS SOLES,Callao,09/03/2017,3129.76
191-10097-12,C0097,CTA CORRIENTE,Lince,05/03/2017,8324.32
191-10098-12,C0098,CTA AHORROS SOLES,Callao,16/01/2020,3060.05
191-10099-47,C0099,CTA AHORROS SOLES,La Molina,01/01/2023,13691.94
191-10100-11,C0100,CTA CORRIENTE,Cajamarca,07/02/2022,7935.59
191-10101-14,C0101,CTA AHORROS SOLES,Miraflores,05/01/2016,6111.69
191-10102-36,C0102,CTA CORRIENTE,Lince,05/11/2018,1154.88
191-10103-82,C0103,CTA CORRIENTE,Lince,12/10/2012,11708.74
191-10104-92,C0104,CTA AHORROS SOLES,La Molina,27/07/2015,8283.71
191-10105-25,C0105,CTA CORRIENTE,Surco,22/01/2014,4408.21
191-10106-23,C0106,CTA AHORROS SOLES,Surco,16/07/2013,1682.87
191-10107-30,C0107,CTA CORRIENTE,Surco,09/04/2010,4866.6
191-10108-61,C0108,CTA AHORROS DOLARES,San Isidro,14/02/2016,10931.79
191-10109-85,C0109,CTA AHORROS SOLES,Lince,04/03/2015,5709.57
191-10110-19,C0110,CTA AHORROS DOLARES,Surco,05/07/2021,5735.55
191-10111-76,C0111,CTA AHORROS SOLES,Lince,24/09/2021,1059.97
191-10112-65,C0112,CTA CORRIENTE,La Molina,10/01/2015,12817.43
191-10113-97,C0113,CTA AHORROS SOLES,Callao,04/11/2020,8690.38
191-10114-99,C0114,CTA AHORROS SOLES,Surco,16/03/2023,7585.22
191-10115-53,C0115,CTA AHORROS SOLES,La Molina,27/07/2011,5258.3
191-10116-67,C0116,CTA AHORROS SOLES,Callao,01/12/2024,4673.51
191-10117-38,C0117,CTA AHORROS SOLES,Miraflores,26/01/2021,1404.59
191-10118-32,C0118,CTA AHORROS DOLARES,Miraflores,13/08/2023,9332.36
191-10119-30,C0119,CTA AHORROS SOLES,Callao,03/05/2024,1868.03
191-10120-85,C0120,CTA CORRIENTE,Surco,16/12/2020,11772.4
191-10121-39,C0121,CTA AHORROS SOLES,Cajamarca,23/04/2013,5815.0
191-10122-18,C0122,CTA AHORROS DOLARES,Cajamarca,04/06/2018,5512.87
191-10123-61,C0123,CTA AHORROS SOLES,Callao,02/05/2013,6935.89
191-10124-91,C0124,CTA AHORROS DOLARES,Surco,14/05/2012,14745.67
191-10125-65,C0125,CTA AHORROS SOLES,Surco,24/09/2015,7226.23
191-10126-66,C0126,CTA AHORROS DOLARES,La Molina,06/07/2017,9099.33
191-10127-72,C0127,CTA AHORROS DOLARES,Miraflores,04/05/2021,8631.97
191-10128-82,C0128,CTA AHORROS DOLARES,La Molina,11/10/2018,11761.03
191-10129-39,C0129,CTA AHORROS SOLES,La Molina,11/10/2011,6912.1
191-10130-59,C0130,CTA CORRIENTE,La Molina,15/01/2023,10404.44
191-10131-88,C0131,CTA AHORROS SOLES,San Isidro,20/09/2017,5382.45
191-10132-69,C0132,CTA AHORROS SOLES,Miraflores,27/04/2012,13333.34
191-10133-49,C0133,CTA AHORROS SOLES,Lince,20/06/2023,9997.5
191-10134-71,C0134,CTA AHORROS DOLARES,San Isidro,05/01/2014,3494.56
191-10135-39,C0135,CTA AHORROS SOLES,Lince,22/12/2022,12096.47
191-10136-40,C0136,CTA AHORROS SOLES,Surco,17/02/2021,6416.41
191-10137-73,C0137,CTA CORRIENTE,La Molina,28/09/2010,10580.25
191-10138-41,C0138,CTA AHORROS DOLARES,Cajamarca,02/06/2010,9859.79
191-10139-54,C0139,CTA CORRIENTE,San Isidro,23/01/2012,5697.27
191-10140-66,C0140,CTA CORRIENTE,Cajamarca,18/06/2022,11359.54
191-10141-74,C0141,CTA AHORROS SOLES,La Molina,04/04/2022,6994.3
191-10142-80,C0142,CTA AHORROS DOLARES,Surco,15/07/2019,4473.67
191-10143-37,C0143,CTA CORRIENTE,Lince,15/03/2015,10816.67
191-10144-17,C0144,CTA CORRIENTE,Surco,19/01/2011,10498.74
191-10145-85,C0145,CTA AHORROS SOLES,Lince,05/06/2020,2638.74
191-10146-36,C0146,CTA CORRIENTE,Callao,23/05/2013,4622.49
191-10147-25,C0147,CTA CORRIENTE,Callao,23/08/2011,1249.05
191-10148-79,C0148,CTA AHORROS SOLES,Callao,19/03/2022,7771.45
191-10149-55,C0149,CTA AHORROS SOLES,Surco,23/08/2018,4496.41
191-10150-55,C0150,CTA AHORROS SOLES,Miraflores,17/02/2015,5655.49
191-10151-69,C0151,CTA AHORROS SOLES,La Molina,09/01/2015,618.49
191-10152-15,C0152,CTA CORRIENTE,Lince,14/03/2015,4549.51
191-10153-91,C0153,CTA CORRIENTE,Surco,06/09/2024,12184.81
191-10154-53,C0154,CTA AHORROS DOLARES,Miraflores,04/02/2024,5402.65
191-10155-22,C0155,CTA CORRIENTE,Miraflores,10/12/2013,3664.71
191-10156-29,C0156,CTA AHORROS SOLES,Surco,06/03/2012,2556.93
191-10157-87,C0157,CTA AHORROS SOLES,Lince,10/08/2016,4554.28
191-10158-77,C0158,CTA CORRIENTE,La Molina,25/05/2021,11395.63
191-10159-83,C0159,CTA AHORROS SOLES,Cajamarca,07/06/2021,7790.45
191-10160-84,C0160,CTA AHORROS SOLES,Lince,29/09/2016,10721.59
191-10161-39,C0161,CTA AHORROS DOLARES,Lince,23/07/2023,6448.57
191-10162-95,C0162,CTA AHORROS SOLES,Miraflores,16/02/2011,12396.17
191-10163-50,C0163,CTA AHORROS DOLARES,Callao,27/09/2018,10560.72
191-10164-82,C0164,CTA AHORROS DOLARES,Cajamarca,30/08/2013,6208.69
191-10165-27,C0165,CTA AHORROS SOLES,La Molina,28/08/2010,14170.46
191-10166-40,C0166,CTA AHORROS SOLES,Cajamarca,04/02/2013,7355.6
191-10167-33,C0167,CTA AHORROS DOLARES,Lince,06/11/2023,12840.12
191-10168-62,C0168,CTA AHORROS DOLARES,Lince,13/11/2010,14558.68
191-10169-15,C0169,CTA CORRIENTE,San Isidro,08/04/2011,4654.75
191-10170-88,C0170,CTA AHORROS DOLARES,Lince,21/03/2016,12722.09
191-10171-16,C0171,CTA AHORROS SOLES,San Isidro,12/07/2019,13890.95
191-10172-15,C0172,CTA AHORROS SOLES,Surco,28/07/2013,14679.56
191-10173-53,C0173,CTA CORRIENTE,Surco,30/03/2018,5920.08
191-10174-17,C0174,CTA AHORROS SOLES,Cajamarca,15/01/2024,3177.21
191-10175-19,C0175,CTA CORRIENTE,Lince,07/11/2017,12026.45
191-10176-19,C0176,CTA AHORROS DOLARES,Miraflores,10/03/2015,11609.66
191-10177-14,C0177,CTA CORRIENTE,Miraflores,09/12/2013,8903.19
191-10178-70,C0178,CTA AHORROS SOLES,Callao,08/06/2019,13387.13
191-10179-87,C0179,CTA CORRIENTE,Miraflores,01/04/2019,12367.03
191-10180-94,C0180,CTA AHORROS SOLES,Lince,05/04/2015,9181.05
191-10181-59,C0181,CTA CORRIENTE,Surco,01/03/2018,14491.06
191-10182-92,C0182,CTA AHORROS SOLES,La Molina,07/04/2024,9990.09
191-10183-77,C0183,CTA CORRIENTE,Miraflores,28/08/2014,8443.43
191-10184-87,C0184,CTA AHORROS DOLARES,La Molina,18/05/2014,7369.37
191-10185-61,C0185,CTA CORRIENTE,La Molina,29/03/2020,4735.18
191-10186-32,C0186,CTA CORRIENTE,San Isidro,31/05/2023,7113.94
191-10187-66,C0187,CTA AHORROS SOLES,San Isidro,22/06/2015,7762.5
191-10188-80,C0188,CTA AHORROS SOLES,Surco,14/02/2020,11718.51
191-10189-38,C0189,CTA AHORROS SOLES,Miraflores,11/06/2010,11696.21
191-10190-94,C0190,CTA AHORROS SOLES,La Molina,12/03/2015,1143.29
191-10191-97,C0191,CTA AHORROS DOLARES,Cajamarca,06/09/2011,10055.44
191-10192-38,C0192,CTA CORRIENTE,Lince,08/04/2014,1903.83
191-10193-47,C0193,CTA CORRIENTE,Callao,31/08/2018,3255.56
191-10194-21,C0194,CTA AHORROS SOLES,Callao,02/08/2022,11098.84
191-10195-13,C0195,CTA AHORROS DOLARES,Cajamarca,06/07/2015,10780.04
191-10196-94,C0196,CTA AHORROS DOLARES,Lince,31/07/2024,13154.96
191-10197-26,C0197,CTA AHORROS SOLES,Miraflores,09/05/2024,3845.19
191-10198-35,C0198,CTA AHORROS SOLES,Miraflores,10/04/2015,10420.23
191-10199-19,C0199,CTA AHORROS SOLES,Lince,08/11/2012,9405.98
191-10200-99,C0200,CTA AHORROS DOLARES,Lince,08/09/2019,13942.36
191-10201-98,C0201,CTA CORRIENTE,Miraflores,21/05/2021,10137.62
191-10202-40,C0202,CTA AHORROS SOLES,Lince,09/11/2017,14615.48
191-10203-61,C0203,CTA AHORROS SOLES,Surco,13/09/2014,6233.3
191-10204-89,C0204,CTA AHORROS DOLARES,La Molina,17/10/2010,9797.56
191-10205-64,C0205,CTA AHORROS DOLARES,Surco,17/12/2014,14560.64
191-10206-67,C0206,CTA AHORROS SOLES,San Isidro,09/01/2012,7212.49
191-10207-29,C0207,CTA AHORROS SOLES,Surco,28/02/2014,14350.69
191-10208-29,C0208,CTA AHORROS DOLARES,Miraflores,15/10/2015,10559.15
191-10209-54,C0209,CTA AHORROS SOLES,Lince,13/06/2023,2742.91
191-10210-38,C0210,CTA AHORROS SOLES,San Isidro,25/04/2016,5892.94
191-10211-51,C0211,CTA CORRIENTE,Callao,18/03/2016,8451.68
191-10212-71,C0212,CTA CORRIENTE,San Isidro,05/02/2010,1975.64
191-10213-22,C0213,CTA AHORROS SOLES,La Molina,10/10/2013,1398.42
191-10214-31,C0214,CTA AHORROS SOLES,Surco,31/07/2018,11700.17
191-10215-60,C0215,CTA AHORROS DOLARES,San Isidro,12/01/2023,13529.73
191-10216-26,C0216,CTA AHORROS DOLARES,Miraflores,03/03/2020,7328.03
191-10217-87,C0217,CTA AHORROS SOLES,San Isidro,26/08/2024,4594.64
191-10218-69,C0218,CTA AHORROS SOLES,Lince,16/02/2016,2977.88
191-10219-15,C0219,CTA AHORROS DOLARES,Callao,29/04/2024,8080.7
191-10220-53,C0220,CTA CORRIENTE,Lince,24/02/2018,14500.6
191-10221-34,C0221,CTA CORRIENTE,San Isidro,01/12/2024,2703.08
191-10222-41,C0222,CTA CORRIENTE,Callao,25/10/2017,2774.43
191-10223-85,C0223,CTA AHORROS SOLES,Lince,13/04/2011,13222.73
191-10224-96,C0224,CTA AHORROS SOLES,Cajamarca,22/03/2018,12050.28
191-10225-64,C0225,CTA AHORROS SOLES,Miraflores,04/11/2012,11174.18
191-10226-39,C0226,CTA AHORROS SOLES,Lince,12/05/2019,5906.72
191-10227-19,C0227,CTA AHORROS SOLES,Callao,15/06/2013,6669.31
191-10228-86,C0228,CTA AHORROS DOLARES,Callao,08/05/2015,10688.6
191-10229-20,C0229,CTA AHORROS SOLES,La Molina,20/05/2022,4998.25
191-10230-43,C0230,CTA AHORROS SOLES,La Molina,18/07/2014,8282.4
191-10231-46,C0231,CTA CORRIENTE,Lince,27/07/2022,14588.03
191-10232-56,C0232,CTA AHORROS DOLARES,Cajamarca,04/02/2020,12154.39
191-10233-13,C0233,CTA AHORROS SOLES,Miraflores,17/04/2018,1803.94
191-10234-23,C0234,CTA CORRIENTE,San Isidro,26/07/2014,12415.08
191-10235-56,C0235,CTA CORRIENTE,La Molina,26/05/2011,5594.7
191-10236-74,C0236,CTA AHORROS SOLES,Miraflores,28/09/2013,1559.84
191-10237-45,C0237,CTA AHORROS SOLES,San Isidro,26/01/2012,5683.27
191-10238-34,C0238,CTA AHORROS SOLES,Callao,15/03/2013,4932.26
191-10239-29,C0239,CTA AHORROS SOLES,Lince,10/11/2010,1809.75
191-10240-11,C0240,CTA AHORROS DOLARES,Cajamarca,15/01/2020,1735.65
191-10241-45,C0241,CTA AHORROS DOLARES,San Isidro,10/01/2021,7578.07
191-10242-41,C0242,CTA CORRIENTE,La Molina,06/02/2013,10725.05
191-10243-26,C0243,CTA AHORROS SOLES,La Molina,23/09/2014,11814.51
191-10244-77,C0244,CTA AHORROS SOLES,San Isidro,14/01/2019,13121.4
191-10245-68,C0245,CTA AHORROS DOLARES,Callao,10/07/2019,10453.95
191-10246-33,C0246,CTA CORRIENTE,Lince,22/12/2017,2081.14
191-10247-69,C0247,CTA AHORROS SOLES,San Isidro,17/11/2020,4569.71
191-10248-86,C0248,CTA AHORROS DOLARES,La Molina,26/06/2015,9612.09
191-10249-19,C0249,CTA AHORROS DOLARES,San Isidro,19/09/2019,506.36
191-10250-48,C0250,CTA AHORROS SOLES,Callao,16/08/2018,12229.76
191-10251-38,C0251,CTA AHORROS SOLES,La Molina,29/05/2016,8045.84
191-10252-65,C0252,CTA CORRIENTE,Callao,02/03/2024,1083.74
191-10253-51,C0253,CTA AHORROS DOLARES,Callao,27/07/2021,1254.53
191-10254-58,C0254,CTA CORRIENTE,San Isidro,24/09/2018,4928.68
191-10255-16,C0255,CTA AHORROS DOLARES,La Molina,25/01/2019,5223.09
191-10256-63,C0256,CTA AHORROS SOLES,Callao,08/01/2019,13047.02
191-10257-44,C0257,CTA AHORROS SOLES,Callao,03/04/2018,11761.66
191-10258-55,C0258,CTA AHORROS SOLES,Callao,08/02/2011,12809.34
191-10259-35,C0259,CTA AHORROS DOLARES,Callao,10/04/2013,14140.4
191-10260-44,C0260,CTA CORRIENTE,San Isidro,16/01/2012,3649.65
191-10261-93,C0261,CTA AHORROS DOLARES,San Isidro,07/02/2024,1059.98
191-10262-57,C0262,CTA AHORROS SOLES,San Isidro,15/03/2012,11425.91
191-10263-41,C0263,CTA AHORROS DOLARES,San Isidro,30/10/2013,4310.27
191-10264-97,C0264,CTA AHORROS SOLES,Callao,24/12/2023,7045.21
191-10265-94,C0265,CTA CORRIENTE,La Molina,07/11/2021,6326.36
191-10266-87,C0266,CTA CORRIENTE,La Molina,01/03/2011,4804.32
191-10267-96,C0267,CTA AHORROS SOLES,San Isidro,12/11/2011,1704.8
191-10268-54,C0268,CTA AHORROS DOLARES,Miraflores,26/08/2022,13296.03
191-10269-83,C0269,CTA AHORROS SOLES,Cajamarca,16/01/2015,1704.05
191-10270-33,C0270,CTA AHORROS SOLES,Miraflores,22/03/2011,14962.89
191-10271-43,C0271,CTA CORRIENTE,Miraflores,09/04/2014,10229.95
191-10272-58,C0272,CTA AHORROS SOLES,Lince,12/12/2017,6643.84
191-10273-44,C0273,CTA AHORROS SOLES,Miraflores,10/01/2020,12760.26
191-10274-66,C0274,CTA AHORROS DOLARES,Surco,14/02/2015,5933.09
191-10275-35,C0275,CTA AHORROS SOLES,Miraflores,29/11/2015,2711.36
191-10276-96,C0276,CTA AHORROS SOLES,Lince,17/03/2013,11507.31
191-10277-22,C0277,CTA CORRIENTE,Miraflores,18/02/2010,2925.35
191-10278-58,C0278,CTA AHORROS DOLARES,Cajamarca,21/06/2011,6419.88
191-10279-23,C0279,CTA AHORROS SOLES,Cajamarca,17/02/2022,4593.0
191-10280-59,C0280,CTA AHORROS SOLES,Lince,16/07/2020,3917.15
191-10281-54,C0281,CTA AHORROS SOLES,San Isidro,22/11/2016,2503.7
191-10282-43,C0282,CTA CORRIENTE,Lince,23/04/2023,4475.67
191-10283-52,C0283,CTA CORRIENTE,San Isidro,23/10/2018,10559.05
191-10284-53,C0284,CTA AHORROS SOLES,San Isidro,09/01/2024,14590.3
191-10285-80,C0285,CTA AHORROS SOLES,Surco,14/10/2015,11164.25
191-10286-32,C0286,CTA CORRIENTE,Lince,09/01/2014,5519.19
191-10287-52,C0287,CTA AHORROS SOLES,Surco,30/04/2024,7743.64
191-10288-72,C0288,CTA CORRIENTE,San Isidro,04/12/2021,8155.76
191-10289-82,C0289,CTA AHORROS SOLES,Lince,30/06/2018,6519.6
191-10290-35,C0290,CTA AHORROS SOLES,Surco,12/05/2020,9077.43
191-10291-30,C0291,CTA AHORROS SOLES,Surco,19/09/2015,2873.5
191-10292-33,C0292,CTA CORRIENTE,San Isidro,30/05/2022,1430.09
191-10293-98,C0293,CTA AHORROS SOLES,Miraflores,21/07/2012,14517.73
191-10294-27,C0294,CTA AHORROS DOLARES,Miraflores,16/12/2021,6193.39
191-10295-18,C0295,CTA AHORROS SOLES,Callao,18/06/2013,13844.09
191-10296-19,C0296,CTA AHORROS SOLES,Surco,11/06/2013,9237.21
191-10297-60,C0297,CTA AHORROS DOLARES,San Isidro,15/06/2021,4324.82
191-10298-10,C0298,CTA CORRIENTE,Lince,24/03/2019,13248.57
191-10299-25,C0299,CTA AHORROS SOLES,Lince,22/07/2014,9332.15
191-10300-51,C0300,CTA CORRIENTE,La Molina,22/09/2010,3925.4
191-10301-17,C0301,CTA CORRIENTE,La Molina,15/02/2014,14461.66
191-10302-56,C0302,CTA AHORROS SOLES,Callao,15/09/2019,11675.5
191-10303-61,C0303,CTA AHORROS SOLES,Surco,07/07/2019,8664.04
191-10304-18,C0304,CTA AHORROS SOLES,Miraflores,03/06/2018,5653.54
191-10305-79,C0305,CTA AHORROS SOLES,La Molina,14/09/2013,5348.49
191-10306-71,C0306,CTA AHORROS SOLES,Cajamarca,25/07/2015,3139.62
191-10307-88,C0307,CTA AHORROS SOLES,Callao,03/07/2022,14617.86
191-10308-72,C0308,CTA AHORROS SOLES,La Molina,15/04/2018,11287.24
191-10309-67,C0309,CTA AHORROS DOLARES,Lince,25/06/2024,13951.5
191-10310-26,C0310,CTA CORRIENTE,Surco,20/03/2011,13926.79
191-10311-28,C0311,CTA CORRIENTE,Surco,25/07/2017,3341.03
191-10312-36,C0312,CTA AHORROS SOLES,Callao,19/06/2017,10725.96
191-10313-59,C0313,CTA AHORROS SOLES,Cajamarca,02/03/2014,1353.15
191-10314-11,C0314,CTA AHORROS SOLES,Callao,26/02/2012,7102.71
191-10315-65,C0315,CTA AHORROS DOLARES,Surco,01/05/2021,9557.56
191-10316-32,C0316,CTA CORRIENTE,Cajamarca,19/01/2012,12454.05
191-10317-26,C0317,CTA AHORROS DOLARES,Lince,15/09/2019,11316.58
191-10318-66,C0318,CTA AHORROS DOLARES,Surco,11/04/2016,5121.06
191-10319-16,C0319,CTA AHORROS DOLARES,Cajamarca,03/11/2021,5491.21
191-10320-61,C0320,CTA AHORROS SOLES,Callao,02/04/2010,651.12
191-10321-55,C0321,CTA CORRIENTE,San Isidro,04/05/2013,3921.14
191-10322-54,C0322,CTA CORRIENTE,Miraflores,28/01/2010,6937.05
191-10323-77,C0323,CTA CORRIENTE,Callao,27/10/2017,8981.73
191-10324-60,C0324,CTA AHORROS DOLARES,Surco,29/05/2023,6750.27
191-10325-99,C0325,CTA CORRIENTE,Callao,18/04/2018,14360.48
191-10326-59,C0326,CTA AHORROS SOLES,Callao,27/09/2024,10078.29
191-10327-56,C0327,CTA AHORROS SOLES,Callao,17/07/2019,7893.9
191-10328-38,C0328,CTA AHORROS DOLARES,Miraflores,29/03/2015,8841.17
191-10329-21,C0329,CTA AHORROS SOLES,San Isidro,19/05/2014,6838.54
191-10330-30,C0330,CTA AHORROS DOLARES,Cajamarca,05/07/2024,2084.77
191-10331-93,C0331,CTA AHORROS DOLARES,San Isidro,29/08/2011,6764.06
191-10332-24,C0332,CTA AHORROS SOLES,Cajamarca,27/01/2012,6976.12
191-10333-60,C0333,CTA CORRIENTE,Surco,23/01/2020,9458.96
191-10334-78,C0334,CTA AHORROS SOLES,La Molina,11/08/2022,4993.14
191-10335-81,C0335,CTA AHORROS DOLARES,Cajamarca,01/02/2016,13693.83
191-10336-41,C0336,CTA AHORROS SOLES,Surco,13/07/2010,8233.3
191-10337-93,C0337,CTA CORRIENTE,Cajamarca,13/06/2018,4781.71
191-10338-64,C0338,CTA AHORROS SOLES,Cajamarca,29/01/2022,10293.18
191-10339-43,C0339,CTA AHORROS SOLES,Lince,05/09/2011,2527.96
191-10340-36,C0340,CTA AHORROS SOLES,Miraflores,27/07/2024,12044.79
191-10341-87,C0341,CTA CORRIENTE,Cajamarca,29/01/2020,10453.52
191-10342-61,C0342,CTA AHORROS DOLARES,Lince,11/06/2021,4208.2
191-10343-30,C0343,CTA AHORROS SOLES,San Isidro,08/04/2013,12384.86
191-10344-55,C0344,CTA CORRIENTE,Miraflores,18/05/2021,11922.87
191-10345-52,C0345,CTA CORRIENTE,Cajamarca,28/06/2020,14429.61
191-10346-62,C0346,CTA AHORROS DOLARES,San Isidro,06/10/2018,11221.8
191-10347-74,C0347,CTA AHORROS SOLES,La Molina,23/12/2022,5707.05
191-10348-39,C0348,CTA AHORROS DOLARES,Callao,04/03/2017,13060.83
191-10349-95,C0349,CTA CORRIENTE,San Isidro,17/02/2024,8723.4
191-10350-66,C0350,CTA AHORROS SOLES,Lince,04/12/2020,12386.82
191-10351-17,C0351,CTA AHORROS SOLES,Cajamarca,03/08/2016,5409.74
191-10352-45,C0352,CTA CORRIENTE,La Molina,05/02/2013,8313.81
191-10353-63,C0353,CTA AHORROS DOLARES,Lince,16/11/2016,13767.81
191-10354-22,C0354,CTA AHORROS SOLES,Cajamarca,11/10/2023,12420.07
191-10355-92,C0355,CTA AHORROS DOLARES,Cajamarca,20/03/2022,14117.75
191-10356-83,C0356,CTA AHORROS SOLES,Miraflores,23/12/2014,7643.84
191-10357-45,C0357,CTA AHORROS DOLARES,Callao,15/08/2024,3017.76
191-10358-45,C0358,CTA AHORROS DOLARES,San Isidro,22/01/2022,3334.65
191-10359-85,C0359,CTA AHORROS SOLES,Miraflores,24/12/2021,4006.56
191-10360-48,C0360,CTA AHORROS SOLES,San Isidro,24/12/2015,2499.08
191-10361-78,C0361,CTA AHORROS SOLES,Surco,18/05/2013,3115.29
191-10362-27,C0362,CTA CORRIENTE,Cajamarca,16/03/2016,14644.53
191-10363-49,C0363,CTA AHORROS DOLARES,San Isidro,04/11/2011,6592.92
191-10364-24,C0364,CTA AHORROS SOLES,Lince,14/11/2013,4479.81
191-10365-39,C0365,CTA CORRIENTE,Surco,04/08/2015,2099.58
191-10366-32,C0366,CTA AHORROS SOLES,La Molina,18/09/2017,1124.39
191-10367-86,C0367,CTA CORRIENTE,Surco,19/05/2019,14027.69
191-10368-97,C0368,CTA CORRIENTE,La Molina,29/03/2021,7370.84
191-10369-10,C0369,CTA AHORROS DOLARES,Cajamarca,02/03/2019,8150.94
191-10370-41,C0370,CTA AHORROS DOLARES,Miraflores,16/07/2017,11590.53
191-10371-54,C0371,CTA AHORROS SOLES,Surco,16/02/2023,7042.84
191-10372-87,C0372,CTA AHORROS DOLARES,San Isidro,11/12/2017,14484.43
191-10373-35,C0373,CTA AHORROS DOLARES,La Molina,23/04/2015,7848.81
191-10374-58,C0374,CTA AHORROS DOLARES,Miraflores,04/11/2019,1604.94
191-10375-95,C0375,CTA AHORROS SOLES,San Isidro,20/05/2010,8888.17
191-10376-30,C0376,CTA AHORROS SOLES,La Molina,02/09/2011,9930.08
191-10377-82,C0377,CTA CORRIENTE,Cajamarca,11/04/2018,8732.25
191-10378-22,C0378,CTA AHORROS SOLES,Miraflores,19/05/2022,815.74
191-10379-81,C0379,CTA AHORROS SOLES,Callao,19/10/2017,14222.56
191-10380-43,C0380,CTA CORRIENTE,Lince,01/12/2021,14595.03
191-10381-15,C0381,CTA CORRIENTE,Cajamarca,24/12/2018,1434.15
191-10382-70,C0382,CTA CORRIENTE,Lince,22/08/2017,3918.69
191-10383-79,C0383,CTA AHORROS DOLARES,Callao,06/07/2016,2708.43
191-10384-22,C0384,CTA AHORROS DOLARES,Cajamarca,12/03/2010,7870.94
191-10385-30,C0385,CTA AHORROS SOLES,Callao,12/05/2011,7466.71
191-10386-89,C0386,CTA AHORROS DOLARES,Callao,30/10/2021,3007.07
191-10387-13,C0387,CTA CORRIENTE,Miraflores,17/10/2023,2072.02
191-10388-75,C0388,CTA AHORROS SOLES,La Molina,25/06/2024,7160.76
191-10389-24,C0389,CTA AHORROS SOLES,Surco,07/05/2013,11132.32
191-10390-47,C0390,CTA CORRIENTE,Surco,14/07/2018,1525.75
191-10391-42,C0391,CTA AHORROS SOLES,Callao,22/08/2018,14412.23
191-10392-61,C0392,CTA AHORROS SOLES,Callao,07/07/2014,8253.52
191-10393-18,C0393,CTA AHORROS SOLES,Lince,20/07/2017,2153.87
191-10394-55,C0394,CTA AHORROS SOLES,La Molina,10/05/2015,11504.96
191-10395-96,C0395,CTA CORRIENTE,Callao,09/02/2011,4972.69
191-10396-87,C0396,CTA AHORROS DOLARES,La Molina,31/10/2020,9047.14
191-10397-20,C0397,CTA AHORROS SOLES,Lince,17/05/2020,8676.18
191-10398-13,C0398,CTA AHORROS DOLARES,La Molina,04/01/2010,10099.11
191-10399-17,C0399,CTA AHORROS SOLES,Callao,06/01/2016,11913.49
191-10400-46,C0400,CTA CORRIENTE,Callao,03/07/2013,11534.46
191-10401-49,C0401,CTA CORRIENTE,Cajamarca,27/07/2021,10639.84
191-10402-12,C0402,CTA AHORROS SOLES,San Isidro,31/03/2024,1445.76
191-10403-92,C0403,CTA AHORROS SOLES,Cajamarca,11/07/2010,4907.66
191-10404-12,C0404,CTA CORRIENTE,La Molina,28/06/2023,8454.43
191-10405-68,C0405,CTA AHORROS DOLARES,Callao,29/10/2013,2706.41
191-10406-12,C0406,CTA AHORROS SOLES,Cajamarca,23/06/2015,2058.01
191-10407-20,C0407,CTA AHORROS SOLES,Miraflores,09/06/2010,9666.08
191-10408-94,C0408,CTA AHORROS DOLARES,San Isidro,20/10/2016,634.39
191-10409-21,C0409,CTA AHORROS SOLES,Cajamarca,13/08/2022,10421.85
191-10410-98,C0410,CTA CORRIENTE,San Isidro,02/04/2012,970.57
191-10411-94,C0411,CTA AHORROS DOLARES,Lince,14/01/2013,6517.27
191-10412-95,C0412,CTA AHORROS DOLARES,Miraflores,01/05/2019,7044.55
191-10413-34,C0413,CTA AHORROS DOLARES,Lince,23/05/2023,9834.77
191-10414-64,C0414,CTA CORRIENTE,Miraflores,04/04/2023,998.01
191-10415-81,C0415,CTA AHORROS SOLES,Callao,07/11/2014,13902.18
191-10416-51,C0416,CTA AHORROS SOLES,Cajamarca,14/01/2017,13512.49
191-10417-48,C0417,CTA AHORROS DOLARES,Surco,08/02/2023,1961.47
191-10418-67,C0418,CTA CORRIENTE,Lince,15/11/2019,12087.93
191-10419-18,C0419,CTA AHORROS SOLES,Callao,26/11/2014,12817.38
191-10420-24,C0420,CTA AHORROS SOLES,Cajamarca,11/04/2010,791.56
191-10421-58,C0421,CTA AHORROS SOLES,Callao,01/12/2023,11648.24
191-10422-38,C0422,CTA AHORROS SOLES,San Isidro,29/04/2022,12068.03
191-10423-98,C0423,CTA CORRIENTE,San Isidro,05/08/2022,4588.54
191-10424-78,C0424,CTA AHORROS SOLES,San Isidro,29/05/2022,5239.63
191-10425-89,C0425,CTA AHORROS SOLES,Surco,24/03/2018,981.89
191-10426-20,C0426,CTA AHORROS DOLARES,Surco,11/07/2016,13527.87
191-10427-12,C0427,CTA AHORROS SOLES,Cajamarca,07/08/2011,12942.79
191-10428-59,C0428,CTA AHORROS SOLES,Miraflores,10/05/2022,4210.22
191-10429-68,C0429,CTA AHORROS SOLES,Surco,27/12/2011,1575.51
191-10430-76,C0430,CTA AHORROS DOLARES,Surco,04/06/2017,8803.2
191-10431-86,C0431,CTA CORRIENTE,Cajamarca,02/01/2022,13567.52
191-10432-74,C0432,CTA CORRIENTE,Miraflores,27/12/2013,9572.88
191-10433-24,C0433,CTA AHORROS SOLES,Cajamarca,18/01/2013,10351.84
191-10434-27,C0434,CTA CORRIENTE,San Isidro,04/08/2023,551.84
191-10435-40,C0435,CTA AHORROS SOLES,Lince,10/12/2012,14917.78
191-10436-96,C0436,CTA AHORROS SOLES,Cajamarca,13/06/2024,14955.11
191-10437-96,C0437,CTA AHORROS SOLES,Surco,25/08/2014,2062.03
191-10438-75,C0438,CTA AHORROS SOLES,Callao,01/01/2019,1801.96
191-10439-21,C0439,CTA AHORROS SOLES,Surco,04/09/2024,1723.65
191-10440-49,C0440,CTA CORRIENTE,Callao,15/08/2012,2916.37
191-10441-39,C0441,CTA AHORROS SOLES,La Molina,18/01/2012,3951.75
191-10442-56,C0442,CTA AHORROS DOLARES,Surco,30/10/2014,11865.15
191-10443-66,C0443,CTA AHORROS DOLARES,La Molina,13/12/2020,4424.97
191-10444-60,C0444,CTA AHORROS SOLES,San Isidro,21/09/2020,5118.65
191-10445-51,C0445,CTA CORRIENTE,Lince,27/05/2011,787.15
191-10446-82,C0446,CTA AHORROS SOLES,San Isidro,25/05/2014,717.61
191-10447-18,C0447,CTA AHORROS SOLES,Miraflores,18/05/2013,4278.44
191-10448-72,C0448,CTA AHORROS DOLARES,Miraflores,04/03/2015,5354.51
191-10449-53,C0449,CTA CORRIENTE,Miraflores,27/05/2013,4392.99
191-10450-33,C0450,CTA AHORROS SOLES,Miraflores,23/10/2012,13707.12
191-10451-79,C0451,CTA AHORROS DOLARES,San Isidro,29/07/2021,6696.73
191-10452-72,C0452,CTA CORRIENTE,Callao,15/08/2013,14894.54
191-10453-77,C0453,CTA AHORROS DOLARES,Lince,09/07/2015,14130.98
191-10454-53,C0454,CTA AHORROS SOLES,San Isidro,28/08/2013,14747.18
191-10455-60,C0455,CTA AHORROS SOLES,Miraflores,04/02/2010,3881.03
191-10456-26,C0456,CTA CORRIENTE,Callao,24/02/2023,8078.43
191-10457-73,C0457,CTA AHORROS SOLES,Lince,05/11/2024,11147.19
191-10458-88,C0458,CTA CORRIENTE,Lince,01/07/2016,7604.93
191-10459-66,C0459,CTA AHORROS SOLES,Cajamarca,21/09/2021,13919.55
191-10460-53,C0460,CTA AHORROS DOLARES,Lince,12/06/2013,5494.41
191-10461-79,C0461,CTA AHORROS SOLES,Cajamarca,25/08/2024,13894.16
191-10462-56,C0462,CTA AHORROS SOLES,Cajamarca,27/05/2013,9643.51
191-10463-50,C0463,CTA AHORROS DOLARES,San Isidro,12/12/2016,9031.84
191-10464-20,C0464,CTA AHORROS DOLARES,San Isidro,19/09/2024,13677.57
191-10465-46,C0465,CTA AHORROS SOLES,Callao,04/07/2012,13418.89
191-10466-25,C0466,CTA AHORROS SOLES,Callao,07/10/2018,4542.18
191-10467-52,C0467,CTA AHORROS DOLARES,Miraflores,21/12/2023,3203.99
191-10468-93,C0468,CTA AHORROS SOLES,La Molina,18/07/2015,3299.64
191-10469-64,C0469,CTA AHORROS SOLES,Miraflores,22/10/2011,9672.52
191-10470-74,C0470,CTA AHORROS SOLES,Surco,09/11/2019,2784.77
191-10471-94,C0471,CTA AHORROS SOLES,San Isidro,01/08/2011,8734.63
191-10472-79,C0472,CTA AHORROS SOLES,Surco,07/09/2023,8558.68
191-10473-87,C0473,CTA AHORROS SOLES,La Molina,29/09/2024,2595.42
191-10474-56,C0474,CTA AHORROS SOLES,La Molina,26/01/2015,6364.05
191-10475-50,C0475,CTA CORRIENTE,Callao,19/06/2018,13075.51
191-10476-90,C0476,CTA AHORROS SOLES,Lince,25/05/2019,14499.3
191-10477-80,C0477,CTA AHORROS DOLARES,Callao,03/11/2018,1757.56
191-10478-53,C0478,CTA AHORROS SOLES,Miraflores,22/03/2016,6972.55
191-10479-86,C0479,CTA AHORROS DOLARES,San Isidro,29/10/2015,4883.59
191-10480-73,C0480,CTA CORRIENTE,Lince,16/06/2020,9087.55
191-10481-78,C0481,CTA AHORROS SOLES,Cajamarca,26/11/2020,12995.59
191-10482-68,C0482,CTA AHORROS SOLES,Surco,23/03/2021,7107.6
191-10483-15,C0483,CTA AHORROS SOLES,Miraflores,02/02/2021,7346.67
191-10484-68,C0484,CTA CORRIENTE,Callao,24/11/2017,7206.31
191-10485-38,C0485,CTA AHORROS SOLES,Miraflores,21/10/2010,6448.08
191-10486-35,C0486,CTA CORRIENTE,San Isidro,17/09/2021,10168.0
191-10487-55,C0487,CTA AHORROS SOLES,Surco,13/08/2018,10511.25
191-10488-62,C0488,CTA AHORROS SOLES,Surco,06/12/2022,4685.88
191-10489-65,C0489,CTA CORRIENTE,Miraflores,20/03/2024,13321.36
191-10490-38,C0490,CTA CORRIENTE,Lince,23/04/2023,5633.09
191-10491-17,C0491,CTA AHORROS SOLES,San Isidro,29/04/2023,7984.87
191-10492-96,C0492,CTA CORRIENTE,La Molina,09/11/2018,774.04
191-10493-81,C0493,CTA AHORROS SOLES,Lince,14/12/2015,5814.77
191-10494-24,C0494,CTA AHORROS SOLES,Cajamarca,16/08/2019,3859.76
191-10495-10,C0495,CTA AHORROS SOLES,Cajamarca,31/08/2016,7960.8
191-10496-76,C0496,CTA AHORROS DOLARES,Cajamarca,04/12/2013,12315.81
191-10497-85,C0497,CTA AHORROS SOLES,Cajamarca,09/04/2013,8438.77
191-10498-65,C0498,CTA AHORROS SOLES,La Molina,15/02/2022,12903.7
191-10499-35,C0499,CTA AHORROS DOLARES,San Isidro,21/10/2016,13630.87
191-10500-31,C0500,CTA AHORROS SOLES,Callao,02/12/2011,12637.07
191-10501-62,C0501,CTA AHORROS SOLES,Surco,01/05/2014,4957.84
191-10502-97,C0502,CTA AHORROS DOLARES,Cajamarca,29/10/2011,14784.44
191-10503-18,C0503,CTA AHORROS SOLES,San Isidro,20/12/2024,10204.4
191-10504-56,C0504,CTA AHORROS DOLARES,La Molina,07/04/2016,4632.67
191-10505-33,C0505,CTA AHORROS SOLES,Miraflores,06/09/2022,12542.21
191-10506-59,C0506,CTA CORRIENTE,Callao,26/08/2018,14961.88
191-10507-31,C0507,CTA CORRIENTE,Cajamarca,12/07/2021,9266.1
191-10508-44,C0508,CTA AHORROS SOLES,La Molina,10/11/2012,14760.6
191-10509-59,C0509,CTA CORRIENTE,San Isidro,26/07/2020,2871.65
191-10510-97,C0510,CTA AHORROS SOLES,San Isidro,05/03/2024,11523.99
191-10511-99,C0511,CTA AHORROS SOLES,San Isidro,27/08/2016,12421.24
191-10512-91,C0512,CTA AHORROS DOLARES,Cajamarca,19/10/2016,1732.36
191-10513-39,C0513,CTA CORRIENTE,Miraflores,14/07/2016,2133.33
191-10514-86,C0514,CTA AHORROS DOLARES,Surco,04/06/2024,7019.28
191-10515-91,C0515,CTA AHORROS SOLES,Surco,14/07/2017,4908.43
191-10516-26,C0516,CTA CORRIENTE,La Molina,15/07/2018,3215.34
191-10517-86,C0517,CTA AHORROS SOLES,San Isidro,28/04/2018,1954.03
191-10518-89,C0518,CTA AHORROS DOLARES,Surco,20/01/2010,3540.06
191-10519-98,C0519,CTA AHORROS SOLES,Callao,18/06/2014,7906.51
191-10520-22,C0520,CTA CORRIENTE,San Isidro,10/03/2021,12911.26
191-10521-70,C0521,CTA AHORROS SOLES,Surco,19/04/2013,12072.36
191-10522-49,C0522,CTA CORRIENTE,Miraflores,25/12/2016,5568.02
191-10523-87,C0523,CTA AHORROS DOLARES,Miraflores,24/05/2022,11158.17
191-10524-38,C0524,CTA AHORROS SOLES,Lince,22/04/2020,5488.09
191-10525-98,C0525,CTA AHORROS SOLES,Lince,28/07/2013,6212.29
191-10526-82,C0526,CTA AHORROS SOLES,Lince,21/09/2019,12349.41
191-10527-77,C0527,CTA CORRIENTE,San Isidro,20/01/2018,715.72
191-10528-48,C0528,CTA AHORROS SOLES,Surco,23/04/2024,1044.04
191-10529-96,C0529,CTA CORRIENTE,Callao,25/07/2017,9129.54
191-10530-40,C0530,CTA AHORROS SOLES,Miraflores,21/09/2015,12230.49
191-10531-13,C0531,CTA AHORROS DOLARES,Miraflores,08/09/2020,590.85
191-10532-21,C0532,CTA AHORROS SOLES,San Isidro,18/07/2022,7484.72
191-10533-21,C0533,CTA AHORROS SOLES,La Molina,05/10/2020,5587.19
191-10534-66,C0534,CTA AHORROS DOLARES,Lince,12/03/2017,4536.85
191-10535-35,C0535,CTA AHORROS SOLES,Callao,30/06/2016,14250.79
191-10536-97,C0536,CTA AHORROS SOLES,La Molina,08/09/2011,4201.67
191-10537-38,C0537,CTA CORRIENTE,Surco,21/12/2024,14057.52
191-10538-24,C0538,CTA AHORROS SOLES,Cajamarca,06/06/2010,2695.03
191-10539-57,C0539,CTA AHORROS DOLARES,Lince,17/11/2012,6459.19
191-10540-28,C0540,CTA AHORROS SOLES,Surco,01/05/2021,13967.56
191-10541-14,C0541,CTA CORRIENTE,Lince,19/06/2014,5749.73
191-10542-29,C0542,CTA AHORROS SOLES,Surco,28/07/2013,1613.21
191-10543-98,C0543,CTA CORRIENTE,Cajamarca,03/04/2019,2809.82
191-10544-53,C0544,CTA CORRIENTE,Surco,23/10/2020,13900.21
191-10545-30,C0545,CTA AHORROS DOLARES,La Molina,19/06/2014,10066.96
191-10546-65,C0546,CTA CORRIENTE,Miraflores,05/03/2016,8083.07
191-10547-74,C0547,CTA CORRIENTE,Callao,31/05/2010,3334.32
191-10548-49,C0548,CTA AHORROS DOLARES,La Molina,04/10/2022,14329.78
191-10549-92,C0549,CTA AHORROS SOLES,La Molina,10/07/2019,1727.63
191-10550-44,C0550,CTA AHORROS SOLES,La Molina,24/03/2011,12029.28
191-10551-20,C0551,CTA AHORROS SOLES,Callao,25/07/2014,6588.7
191-10552-58,C0552,CTA AHORROS DOLARES,Miraflores,20/10/2011,11885.35
191-10553-75,C0553,CTA AHORROS SOLES,Miraflores,05/07/2016,13390.27
191-10554-92,C0554,CTA AHORROS SOLES,San Isidro,22/01/2015,3243.96
191-10555-15,C0555,CTA AHORROS DOLARES,Lince,22/04/2013,6624.2
191-10556-55,C0556,CTA AHORROS SOLES,Miraflores,03/11/2018,12369.29
191-10557-51,C0557,CTA AHORROS DOLARES,Miraflores,27/08/2022,11736.91
191-10558-70,C0558,CTA CORRIENTE,Callao,02/11/2010,13311.99
191-10559-51,C0559,CTA AHORROS SOLES,San Isidro,02/03/2011,6715.39
191-10560-15,C0560,CTA CORRIENTE,Cajamarca,19/10/2011,8688.91
191-10561-73,C0561,CTA AHORROS SOLES,La Molina,06/09/2014,14957.53
191-10562-23,C0562,CTA AHORROS SOLES,San Isidro,06/10/2015,3342.91
191-10563-24,C0563,CTA CORRIENTE,La Molina,06/05/2017,14712.16
191-10564-71,C0564,CTA AHORROS SOLES,La Molina,26/11/2013,3849.47
191-10565-65,C0565,CTA AHORROS SOLES,Cajamarca,15/05/2013,2519.42
191-10566-32,C0566,CTA AHORROS SOLES,Lince,05/01/2024,3252.91
191-10567-58,C0567,CTA CORRIENTE,La Molina,25/06/2020,2277.45
191-10568-70,C0568,CTA AHORROS SOLES,Callao,05/07/2021,11815.53
191-10569-48,C0569,CTA AHORROS SOLES,Surco,16/08/2016,1238.1
191-10570-64,C0570,CTA CORRIENTE,Cajamarca,17/04/2017,13829.53
191-10571-87,C0571,CTA CORRIENTE,San Isidro,06/03/2024,5511.92
191-10572-64,C0572,CTA AHORROS SOLES,Callao,02/09/2019,8672.71
191-10573-70,C0573,CTA AHORROS SOLES,Callao,11/07/2014,12524.56
191-10574-28,C0574,CTA AHORROS SOLES,Cajamarca,11/08/2012,10027.04
191-10575-17,C0575,CTA AHORROS SOLES,Surco,03/05/2017,2123.54
191-10576-11,C0576,CTA AHORROS SOLES,Cajamarca,13/06/2021,5054.61
191-10577-10,C0577,CTA AHORROS SOLES,San Isidro,14/05/2014,7616.89
191-10578-51,C0578,CTA AHORROS DOLARES,San Isidro,30/01/2017,1732.1
191-10579-99,C0579,CTA AHORROS SOLES,Lince,04/01/2024,7179.74
191-10580-71,C0580,CTA CORRIENTE,Surco,24/07/2023,10353.52
191-10581-26,C0581,CTA AHORROS DOLARES,Surco,15/12/2016,9570.84
191-10582-43,C0582,CTA AHORROS SOLES,San Isidro,02/10/2011,1081.28
191-10583-18,C0583,CTA AHORROS SOLES,Miraflores,21/01/2023,12544.5
191-10584-94,C0584,CTA AHORROS SOLES,Callao,28/06/2015,12164.03
191-10585-91,C0585,CTA CORRIENTE,Surco,23/07/2013,2157.07
191-10586-78,C0586,CTA AHORROS SOLES,Lince,25/02/2011,14639.36
191-10587-21,C0587,CTA AHORROS SOLES,Cajamarca,04/07/2021,5842.27
191-10588-24,C0588,CTA CORRIENTE,San Isidro,10/09/2018,3805.52
191-10589-96,C0589,CTA AHORROS SOLES,San Isidro,20/01/2011,10208.06
191-10590-45,C0590,CTA AHORROS SOLES,Lince,31/03/2023,10508.66
191-10591-60,C0591,CTA AHORROS SOLES,Miraflores,28/11/2013,9437.56
191-10592-27,C0592,CTA AHORROS DOLARES,La Molina,17/09/2018,11339.97
191-10593-16,C0593,CTA AHORROS SOLES,Lince,03/12/2022,2962.99
191-10594-84,C0594,CTA AHORROS DOLARES,Lince,22/07/2021,12550.94
191-10595-30,C0595,CTA AHORROS DOLARES,Surco,02/12/2010,8411.98
191-10596-34,C0596,CTA AHORROS DOLARES,Lince,14/12/2013,7850.35
191-10597-81,C0597,CTA AHORROS SOLES,San Isidro,11/06/2011,3502.86
191-10598-85,C0598,CTA AHORROS SOLES,Miraflores,16/01/2018,830.13
191-10599-18,C0599,CTA AHORROS DOLARES,Miraflores,15/12/2022,12876.62
191-10600-19,C0600,CTA CORRIENTE,La Molina,14/05/2023,11489.44
191-10601-36,C0601,CTA AHORROS SOLES,Callao,12/02/2011,6975.06
191-10602-85,C0602,CTA AHORROS DOLARES,San Isidro,20/08/2015,14580.73
191-10603-11,C0603,CTA CORRIENTE,Cajamarca,26/06/2010,11739.42
191-10604-53,C0604,CTA AHORROS SOLES,La Molina,28/04/2021,9016.93
191-10605-32,C0605,CTA AHORROS SOLES,Callao,19/08/2016,3951.05
191-10606-94,C0606,CTA AHORROS SOLES,San Isidro,01/12/2015,14103.5
191-10607-56,C0607,CTA CORRIENTE,San Isidro,11/03/2015,6482.98
191-10608-55,C0608,CTA AHORROS DOLARES,San Isidro,03/01/2011,9439.97
191-10609-22,C0609,CTA AHORROS SOLES,San Isidro,27/01/2023,14564.68
191-10610-27,C0610,CTA AHORROS SOLES,Miraflores,24/07/2013,6620.27
191-10611-51,C0611,CTA AHORROS SOLES,Cajamarca,02/10/2017,9425.63
191-10612-54,C0612,CTA CORRIENTE,Lince,03/07/2017,7776.3
191-10613-50,C0613,CTA AHORROS SOLES,Lince,18/03/2010,12252.6
191-10614-26,C0614,CTA AHORROS SOLES,La Molina,15/08/2014,5085.84
191-10615-39,C0615,CTA AHORROS DOLARES,La Molina,23/10/2015,14283.45
191-10616-61,C0616,CTA AHORROS SOLES,La Molina,02/12/2023,12933.33
191-10617-77,C0617,CTA AHORROS SOLES,Cajamarca,02/04/2019,2521.72
191-10618-40,C0618,CTA AHORROS SOLES,La Molina,19/11/2011,2601.9
191-10619-97,C0619,CTA CORRIENTE,La Molina,13/12/2019,14330.61
191-10620-76,C0620,CTA AHORROS SOLES,Lince,28/08/2020,10045.54
191-10621-50,C0621,CTA AHORROS DOLARES,Cajamarca,26/12/2019,3009.41
191-10622-95,C0622,CTA AHORROS SOLES,Callao,26/03/2020,12925.27
191-10623-97,C0623,CTA AHORROS DOLARES,San Isidro,01/05/2023,8929.76
191-10624-78,C0624,CTA AHORROS DOLARES,Surco,08/06/2017,10358.43
191-10625-28,C0625,CTA CORRIENTE,Surco,27/01/2021,12356.71
191-10626-40,C0626,CTA AHORROS DOLARES,La Molina,05/10/2021,10430.78
191-10627-34,C0627,CTA AHORROS SOLES,La Molina,01/06/2011,5848.23
191-10628-57,C0628,CTA AHORROS SOLES,San Isidro,12/06/2011,7112.91
191-10629-40,C0629,CTA AHORROS SOLES,Lince,15/09/2014,11139.69
191-10630-92,C0630,CTA AHORROS SOLES,Lince,18/06/2020,12939.96
191-10631-53,C0631,CTA AHORROS SOLES,La Molina,15/05/2019,10971.64
191-10632-76,C0632,CTA AHORROS DOLARES,Cajamarca,30/06/2015,7592.02
191-10633-84,C0633,CTA AHORROS SOLES,Miraflores,24/05/2011,2238.36
191-10634-84,C0634,CTA AHORROS SOLES,Surco,22/09/2017,8813.45
191-10635-73,C0635,CTA AHORROS DOLARES,Lince,12/03/2017,14287.51
191-10636-23,C0636,CTA AHORROS SOLES,Cajamarca,28/11/2024,13242.76
191-10637-44,C0637,CTA CORRIENTE,Cajamarca,05/09/2018,13041.06
191-10638-47,C0638,CTA CORRIENTE,San Isidro,22/01/2011,13197.1
191-10639-83,C0639,CTA AHORROS SOLES,Surco,06/08/2017,10466.59
191-10640-65,C0640,CTA AHORROS SOLES,Cajamarca,24/09/2024,8692.43
191-10641-74,C0641,CTA AHORROS SOLES,La Molina,14/12/2019,14817.58
191-10642-20,C0642,CTA AHORROS DOLARES,Surco,14/01/2013,9708.62
191-10643-12,C0643,CTA CORRIENTE,Callao,08/04/2017,10937.85
191-10644-39,C0644,CTA CORRIENTE,Surco,30/09/2016,3107.28
191-10645-52,C0645,CTA CORRIENTE,Surco,21/02/2015,2024.59
191-10646-72,C0646,CTA CORRIENTE,Callao,28/09/2019,10412.03
191-10647-59,C0647,CTA AHORROS SOLES,San Isidro,06/03/2012,785.19
191-10648-90,C0648,CTA AHORROS SOLES,Surco,19/03/2010,4782.93
191-10649-43,C0649,CTA AHORROS DOLARES,Cajamarca,25/01/2014,5545.64
191-10650-68,C0650,CTA AHORROS SOLES,San Isidro,05/10/2010,12707.5
191-10651-51,C0651,CTA AHORROS SOLES,Callao,18/11/2021,7122.86
191-10652-42,C0652,CTA CORRIENTE,Surco,20/10/2020,10053.06
191-10653-78,C0653,CTA AHORROS SOLES,Miraflores,23/07/2014,13148.09
191-10654-39,C0654,CTA AHORROS DOLARES,San Isidro,05/04/2010,14513.86
191-10655-38,C0655,CTA AHORROS SOLES,Cajamarca,02/03/2023,14200.87
191-10656-57,C0656,CTA AHORROS SOLES,La Molina,18/09/2016,9875.57
191-10657-32,C0657,CTA AHORROS SOLES,San Isidro,21/10/2020,6572.21
191-10658-84,C0658,CTA CORRIENTE,San Isidro,10/08/2023,10003.5
191-10659-61,C0659,CTA AHORROS SOLES,Lince,29/06/2018,14335.38
191-10660-56,C0660,CTA AHORROS DOLARES,Miraflores,08/03/2015,588.22
191-10661-13,C0661,CTA AHORROS SOLES,La Molina,14/01/2018,12945.08
191-10662-46,C0662,CTA AHORROS SOLES,Lince,18/04/2010,3574.18
191-10663-92,C0663,CTA CORRIENTE,La Molina,10/08/2013,2791.01
191-10664-43,C0664,CTA AHORROS SOLES,Cajamarca,14/11/2015,10917.52
191-10665-59,C0665,CTA AHORROS DOLARES,Cajamarca,12/11/2012,12413.71
191-10666-51,C0666,CTA CORRIENTE,Callao,04/06/2021,8590.98
191-10667-37,C0667,CTA CORRIENTE,Miraflores,28/09/2012,13401.11
191-10668-17,C0668,CTA AHORROS SOLES,Lince,10/11/2018,6277.89
191-10669-78,C0669,CTA CORRIENTE,La Molina,09/07/2014,9984.08
191-10670-20,C0670,CTA AHORROS DOLARES,Cajamarca,24/07/2010,10501.15
191-10671-40,C0671,CTA AHORROS SOLES,Lince,12/09/2024,14644.93
191-10672-83,C0672,CTA CORRIENTE,La Molina,30/04/2019,6211.15
191-10673-20,C0673,CTA CORRIENTE,San Isidro,16/07/2018,6738.28
191-10674-65,C0674,CTA CORRIENTE,San Isidro,08/12/2012,3874.07
191-10675-30,C0675,CTA CORRIENTE,San Isidro,13/05/2021,802.76
191-10676-30,C0676,CTA AHORROS SOLES,La Molina,11/11/2022,6648.66
191-10677-16,C0677,CTA AHORROS DOLARES,Miraflores,27/03/2018,4318.22
191-10678-74,C0678,CTA AHORROS SOLES,La Molina,08/07/2020,14199.06
191-10679-54,C0679,CTA CORRIENTE,Callao,07/08/2020,6228.69
191-10680-54,C0680,CTA CORRIENTE,San Isidro,27/03/2016,9880.54
191-10681-79,C0681,CTA AHORROS SOLES,Miraflores,19/06/2017,2873.79
191-10682-76,C0682,CTA CORRIENTE,Callao,11/06/2017,7037.66
191-10683-52,C0683,CTA AHORROS DOLARES,San Isidro,22/06/2018,11870.24
191-10684-33,C0684,CTA CORRIENTE,Surco,10/09/2021,7446.13
191-10685-69,C0685,CTA AHORROS DOLARES,Cajamarca,24/01/2014,1827.32
191-10686-64,C0686,CTA AHORROS SOLES,San Isidro,11/08/2022,5720.84
191-10687-27,C0687,CTA CORRIENTE,Surco,07/12/2022,894.97
191-10688-49,C0688,CTA AHORROS DOLARES,Miraflores,14/08/2015,5516.18
191-10689-55,C0689,CTA AHORROS SOLES,Cajamarca,07/04/2017,14704.31
191-10690-46,C0690,CTA CORRIENTE,Surco,01/02/2019,3533.88
191-10691-38,C0691,CTA AHORROS SOLES,Lince,14/08/2019,9771.46
191-10692-12,C0692,CTA AHORROS DOLARES,Callao,11/12/2017,4951.6
191-10693-80,C0693,CTA AHORROS SOLES,Lince,08/02/2011,5540.7
191-10694-40,C0694,CTA AHORROS SOLES,Surco,06/10/2011,5598.75
191-10695-69,C0695,CTA CORRIENTE,La Molina,30/05/2018,5346.84
191-10696-23,C0696,CTA AHORROS SOLES,San Isidro,16/07/2014,2698.76
191-10697-18,C0697,CTA AHORROS SOLES,Surco,21/04/2016,14676.82
191-10698-90,C0698,CTA CORRIENTE,La Molina,26/07/2024,514.29
191-10699-41,C0699,CTA AHORROS SOLES,Lince,18/05/2014,4179.03
191-10700-20,C0700,CTA AHORROS SOLES,Lince,16/04/2020,7287.22
191-10701-32,C0701,CTA AHORROS SOLES,La Molina,15/07/2018,8844.31
191-10702-61,C0702,CTA AHORROS SOLES,Lince,17/11/2021,1308.44
191-10703-47,C0703,CTA AHORROS DOLARES,Lince,28/10/2017,1648.3
191-10704-74,C0704,CTA AHORROS DOLARES,Miraflores,16/03/2011,9633.76
191-10705-91,C0705,CTA AHORROS SOLES,Cajamarca,05/04/2020,13591.83
191-10706-79,C0706,CTA AHORROS SOLES,San Isidro,21/01/2020,12744.26
191-10707-44,C0707,CTA AHORROS SOLES,Miraflores,16/02/2022,9984.12
191-10708-57,C0708,CTA AHORROS SOLES,Callao,27/03/2018,7354.45
191-10709-41,C0709,CTA AHORROS DOLARES,Lince,27/08/2013,689.62
191-10710-51,C0710,CTA AHORROS DOLARES,Callao,14/01/2020,10352.44
191-10711-13,C0711,CTA AHORROS SOLES,Callao,13/04/2018,9653.14
191-10712-31,C0712,CTA AHORROS DOLARES,Callao,28/07/2021,12975.78
191-10713-94,C0713,CTA CORRIENTE,Miraflores,10/08/2020,772.59
191-10714-50,C0714,CTA AHORROS SOLES,Surco,25/10/2017,9164.12
191-10715-49,C0715,CTA AHORROS SOLES,San Isidro,13/03/2014,14277.28
191-10716-26,C0716,CTA AHORROS SOLES,Lince,06/10/2015,13740.04
191-10717-95,C0717,CTA AHORROS SOLES,Lince,12/02/2018,10940.2
191-10718-54,C0718,CTA AHORROS SOLES,Miraflores,02/10/2023,7447.77
191-10719-21,C0719,CTA AHORROS SOLES,Surco,03/02/2011,10026.06
191-10720-41,C0720,CTA AHORROS SOLES,Callao,11/09/2017,6774.47
191-10721-93,C0721,CTA AHORROS SOLES,Surco,30/09/2012,4710.06
191-10722-66,C0722,CTA AHORROS SOLES,Surco,18/06/2012,5849.83
191-10723-90,C0723,CTA AHORROS SOLES,San Isidro,28/01/2012,10726.51
191-10724-67,C0724,CTA AHORROS DOLARES,Lince,25/07/2015,3298.26
191-10725-92,C0725,CTA AHORROS DOLARES,La Molina,27/11/2013,2343.76
191-10726-89,C0726,CTA CORRIENTE,Miraflores,10/03/2023,2141.47
191-10727-88,C0727,CTA AHORROS DOLARES,San Isidro,13/07/2020,5316.84
191-10728-85,C0728,CTA AHORROS SOLES,San Isidro,21/08/2013,4757.87
191-10729-39,C0729,CTA AHORROS SOLES,Callao,02/05/2022,1692.71
191-10730-84,C0730,CTA AHORROS SOLES,San Isidro,03/04/2015,770.75
191-10731-74,C0731,CTA CORRIENTE,Surco,08/12/2023,12823.21
191-10732-59,C0732,CTA AHORROS DOLARES,Callao,02/03/2020,12668.29
191-10733-29,C0733,CTA CORRIENTE,Surco,29/11/2012,14767.96
191-10734-65,C0734,CTA CORRIENTE,Callao,15/01/2023,1159.7
191-10735-39,C0735,CTA CORRIENTE,Cajamarca,29/11/2024,9319.0
191-10736-14,C0736,CTA AHORROS DOLARES,Surco,21/08/2022,14952.95
191-10737-28,C0737,CTA AHORROS SOLES,Lince,18/04/2023,10831.95
191-10738-98,C0738,CTA AHORROS SOLES,Lince,28/10/2019,13181.51
191-10739-86,C0739,CTA AHORROS SOLES,Surco,13/02/2010,14648.14
191-10740-79,C0740,CTA AHORROS DOLARES,Miraflores,28/03/2016,12548.61
191-10741-82,C0741,CTA CORRIENTE,Lince,30/09/2015,12544.91
191-10742-36,C0742,CTA AHORROS SOLES,Callao,18/06/2016,8103.68
191-10743-22,C0743,CTA AHORROS SOLES,Miraflores,23/10/2017,4865.78
191-10744-56,C0744,CTA AHORROS SOLES,La Molina,13/01/2010,11087.59
191-10745-37,C0745,CTA CORRIENTE,San Isidro,26/01/2019,11392.16
191-10746-63,C0746,CTA AHORROS SOLES,Callao,06/08/2018,13724.02
191-10747-21,C0747,CTA CORRIENTE,Miraflores,01/12/2019,12976.72
191-10748-28,C0748,CTA AHORROS SOLES,La Molina,04/03/2015,14345.71
191-10749-41,C0749,CTA AHORROS DOLARES,San Isidro,07/06/2024,3690.68
191-10750-29,C0750,CTA AHORROS SOLES,Cajamarca,01/06/2020,14917.75
191-10751-16,C0751,CTA AHORROS DOLARES,La Molina,30/08/2021,14072.34
191-10752-25,C0752,CTA AHORROS SOLES,Cajamarca,21/01/2021,11260.67
191-10753-19,C0753,CTA AHORROS DOLARES,La Molina,08/03/2024,4651.84
191-10754-48,C0754,CTA CORRIENTE,Miraflores,24/04/2017,4464.68
191-10755-99,C0755,CTA AHORROS DOLARES,San Isidro,16/02/2011,834.4
191-10756-23,C0756,CTA AHORROS DOLARES,Miraflores,01/12/2018,10627.64
191-10757-32,C0757,CTA CORRIENTE,Callao,03/12/2024,3894.53
191-10758-25,C0758,CTA CORRIENTE,Lince,29/03/2016,12643.96
191-10759-61,C0759,CTA AHORROS DOLARES,Cajamarca,20/11/2014,2943.35
191-10760-35,C0760,CTA AHORROS DOLARES,Cajamarca,03/04/2013,6007.92
191-10761-35,C0761,CTA AHORROS SOLES,La Molina,25/06/2017,1614.09
191-10762-75,C0762,CTA CORRIENTE,Callao,10/09/2010,6406.56
191-10763-60,C0763,CTA AHORROS SOLES,Callao,27/01/2022,6535.97
191-10764-12,C0764,CTA AHORROS SOLES,Cajamarca,14/07/2020,1644.57
191-10765-54,C0765,CTA AHORROS SOLES,Cajamarca,23/07/2010,12185.51
191-10766-56,C0766,CTA CORRIENTE,Callao,10/03/2018,4249.53
191-10767-16,C0767,CTA AHORROS SOLES,La Molina,19/09/2010,6241.69
191-10768-83,C0768,CTA AHORROS SOLES,Miraflores,23/04/2020,11993.61
191-10769-12,C0769,CTA AHORROS SOLES,Surco,11/02/2013,10318.09
191-10770-80,C0770,CTA CORRIENTE,Lince,20/01/2010,12244.28
191-10771-70,C0771,CTA CORRIENTE,Miraflores,21/06/2023,13385.01
191-10772-40,C0772,CTA AHORROS SOLES,Callao,05/11/2013,775.19
191-10773-77,C0773,CTA CORRIENTE,Cajamarca,28/08/2018,6311.79
191-10774-16,C0774,CTA AHORROS DOLARES,San Isidro,12/05/2016,4162.76
191-10775-56,C0775,CTA AHORROS SOLES,Callao,26/08/2022,13773.64
191-10776-19,C0776,CTA CORRIENTE,Callao,07/04/2022,7640.57
191-10777-55,C0777,CTA AHORROS SOLES,Miraflores,27/04/2018,9290.4
191-10778-25,C0778,CTA CORRIENTE,Cajamarca,04/10/2014,7268.9
191-10779-77,C0779,CTA AHORROS DOLARES,Miraflores,15/06/2012,8626.75
191-10780-60,C0780,CTA AHORROS SOLES,Cajamarca,19/10/2019,6945.87
191-10781-18,C0781,CTA AHORROS DOLARES,Surco,07/02/2019,8274.46
191-10782-90,C0782,CTA AHORROS SOLES,Lince,30/03/2016,6280.97
191-10783-53,C0783,CTA AHORROS SOLES,San Isidro,30/11/2020,3290.51
191-10784-22,C0784,CTA AHORROS SOLES,San Isidro,30/09/2016,1217.16
191-10785-81,C0785,CTA CORRIENTE,Cajamarca,12/03/2011,6965.63
191-10786-50,C0786,CTA AHORROS SOLES,La Molina,04/09/2022,1979.28
191-10787-11,C0787,CTA AHORROS SOLES,La Molina,18/03/2020,7852.07
191-10788-49,C0788,CTA AHORROS SOLES,Cajamarca,28/07/2014,5121.59
191-10789-34,C0789,CTA AHORROS DOLARES,Callao,12/10/2012,3955.97
191-10790-56,C0790,CTA AHORROS SOLES,San Isidro,29/05/2010,8916.37
191-10791-35,C0791,CTA AHORROS SOLES,Cajamarca,28/05/2024,12829.68
191-10792-27,C0792,CTA AHORROS DOLARES,La Molina,03/04/2010,8870.63
191-10793-26,C0793,CTA AHORROS DOLARES,Callao,02/01/2016,10409.3
191-10794-95,C0794,CTA AHORROS DOLARES,La Molina,02/06/2018,4688.51
191-10795-61,C0795,CTA CORRIENTE,Miraflores,02/08/2020,4818.23
191-10796-59,C0796,CTA AHORROS SOLES,Lince,24/11/2011,6640.35
191-10797-71,C0797,CTA AHORROS SOLES,Miraflores,05/02/2022,1057.81
191-10798-53,C0798,CTA AHORROS SOLES,Surco,18/01/2011,12590.02
191-10799-86,C0799,CTA AHORROS SOLES,San Isidro,31/05/2019,11750.36
191-10800-20,C0800,CTA AHORROS DOLARES,La Molina,17/01/2012,6012.74
191-10801-39,C0801,CTA AHORROS SOLES,Surco,26/07/2020,4333.04
191-10802-49,C0802,CTA AHORROS SOLES,Lince,22/10/2016,588.5
191-10803-49,C0803,CTA AHORROS SOLES,Cajamarca,28/03/2016,3669.44
191-10804-45,C0804,CTA AHORROS SOLES,Callao,27/04/2020,10658.23
191-10805-84,C0805,CTA AHORROS SOLES,Lince,01/03/2018,1438.88
191-10806-87,C0806,CTA AHORROS SOLES,Lince,14/06/2020,6192.53
191-10807-14,C0807,CTA AHORROS SOLES,Cajamarca,30/05/2010,9946.23
191-10808-40,C0808,CTA AHORROS SOLES,San Isidro,03/05/2013,6248.71
191-10809-55,C0809,CTA AHORROS DOLARES,Miraflores,07/05/2013,2245.46
191-10810-11,C0810,CTA CORRIENTE,La Molina,07/09/2022,10427.75
191-10811-60,C0811,CTA AHORROS SOLES,La Molina,31/10/2019,14180.67
191-10812-32,C0812,CTA AHORROS SOLES,Surco,02/04/2021,2786.78
191-10813-33,C0813,CTA CORRIENTE,Surco,28/08/2022,11695.99
191-10814-20,C0814,CTA AHORROS DOLARES,Lince,13/09/2013,13951.01
191-10815-96,C0815,CTA CORRIENTE,Surco,06/04/2014,12773.25
191-10816-81,C0816,CTA AHORROS SOLES,Callao,28/08/2013,7227.63
191-10817-35,C0817,CTA AHORROS SOLES,La Molina,12/03/2021,7405.07
191-10818-40,C0818,CTA AHORROS SOLES,Cajamarca,21/11/2012,4411.51
191-10819-47,C0819,CTA AHORROS DOLARES,Lince,15/12/2017,12121.65
191-10820-13,C0820,CTA AHORROS DOLARES,La Molina,10/07/2015,14960.11
191-10821-29,C0821,CTA CORRIENTE,Miraflores,30/11/2012,4629.05
191-10822-16,C0822,CTA AHORROS SOLES,La Molina,18/01/2016,12256.56
191-10823-25,C0823,CTA AHORROS SOLES,Callao,12/02/2019,13894.54
191-10824-25,C0824,CTA AHORROS SOLES,La Molina,11/01/2022,11030.32
191-10825-28,C0825,CTA AHORROS SOLES,Callao,29/04/2012,8224.43
191-10826-94,C0826,CTA AHORROS SOLES,Surco,21/10/2021,9078.63
191-10827-39,C0827,CTA AHORROS SOLES,San Isidro,30/05/2022,13009.32
191-10828-45,C0828,CTA AHORROS SOLES,Lince,14/10/2015,12185.65
191-10829-12,C0829,CTA AHORROS DOLARES,La Molina,21/10/2016,13507.32
191-10830-98,C0830,CTA AHORROS SOLES,Cajamarca,21/02/2022,3443.34
191-10831-21,C0831,CTA AHORROS DOLARES,Cajamarca,08/03/2011,8747.46
191-10832-61,C0832,CTA AHORROS DOLARES,Surco,27/04/2010,1555.45
191-10833-97,C0833,CTA AHORROS DOLARES,Miraflores,19/06/2014,13553.27
191-10834-80,C0834,CTA CORRIENTE,La Molina,31/08/2015,4857.61
191-10835-66,C0835,CTA AHORROS DOLARES,San Isidro,11/06/2012,7632.55
191-10836-37,C0836,CTA CORRIENTE,La Molina,20/05/2010,8190.7
191-10837-46,C0837,CTA AHORROS SOLES,Surco,01/11/2016,9610.61
191-10838-71,C0838,CTA CORRIENTE,Cajamarca,18/05/2020,11606.49
191-10839-78,C0839,CTA CORRIENTE,Surco,30/11/2010,14805.93
191-10840-79,C0840,CTA AHORROS DOLARES,Surco,15/12/2018,10356.13
191-10841-29,C0841,CTA AHORROS DOLARES,Cajamarca,16/04/2011,8279.13
191-10842-40,C0842,CTA AHORROS DOLARES,Callao,01/11/2010,8233.38
191-10843-68,C0843,CTA AHORROS DOLARES,San Isidro,05/06/2014,12717.02
191-10844-82,C0844,CTA AHORROS SOLES,Lince,11/10/2016,2041.92
191-10845-80,C0845,CTA CORRIENTE,Cajamarca,21/03/2016,5449.77
191-10846-40,C0846,CTA AHORROS SOLES,Lince,19/04/2019,14424.71
191-10847-55,C0847,CTA AHORROS DOLARES,Callao,20/04/2020,3390.83
191-10848-30,C0848,CTA AHORROS SOLES,La Molina,31/07/2024,1999.97
191-10849-51,C0849,CTA AHORROS SOLES,Lince,19/12/2016,11414.87
191-10850-22,C0850,CTA AHORROS DOLARES,Cajamarca,10/08/2018,8518.28
191-10851-50,C0851,CTA AHORROS DOLARES,Cajamarca,08/12/2018,11492.88
191-10852-97,C0852,CTA CORRIENTE,San Isidro,30/07/2019,12736.88
191-10853-50,C0853,CTA AHORROS SOLES,Surco,27/07/2022,762.19
191-10854-37,C0854,CTA CORRIENTE,Cajamarca,30/12/2021,2089.99
191-10855-87,C0855,CTA AHORROS SOLES,La Molina,21/03/2011,11428.29
191-10856-19,C0856,CTA AHORROS DOLARES,Lince,01/01/2011,10421.67
191-10857-89,C0857,CTA AHORROS SOLES,La Molina,05/01/2012,5503.62
191-10858-19,C0858,CTA AHORROS SOLES,Miraflores,19/02/2023,2549.55
191-10859-41,C0859,CTA AHORROS DOLARES,Callao,22/12/2017,2970.47
191-10860-22,C0860,CTA AHORROS SOLES,San Isidro,02/07/2022,2310.65
191-10861-68,C0861,CTA AHORROS DOLARES,Lince,03/10/2011,9827.98
191-10862-15,C0862,CTA AHORROS SOLES,Callao,19/10/2021,4048.15
191-10863-48,C0863,CTA AHORROS SOLES,La Molina,26/02/2016,8910.52
191-10864-31,C0864,CTA CORRIENTE,Miraflores,04/04/2017,7663.42
191-10865-55,C0865,CTA AHORROS SOLES,Lince,22/10/2022,4169.24
191-10866-98,C0866,CTA AHORROS SOLES,Cajamarca,11/08/2019,11856.87
191-10867-94,C0867,CTA AHORROS SOLES,Cajamarca,24/07/2024,4307.9
191-10868-47,C0868,CTA CORRIENTE,San Isidro,22/03/2016,5146.24
191-10869-83,C0869,CTA AHORROS SOLES,Callao,05/06/2010,2193.75
191-10870-79,C0870,CTA AHORROS SOLES,Callao,31/01/2017,7788.41
191-10871-22,C0871,CTA CORRIENTE,Surco,19/02/2019,13973.62
191-10872-84,C0872,CTA AHORROS SOLES,Lince,06/10/2024,4160.17
191-10873-94,C0873,CTA AHORROS SOLES,Cajamarca,21/10/2016,13091.42
191-10874-83,C0874,CTA CORRIENTE,Callao,21/01/2019,14675.1
191-10875-41,C0875,CTA AHORROS DOLARES,Surco,22/07/2022,14270.74
191-10876-13,C0876,CTA AHORROS SOLES,San Isidro,15/09/2020,7040.39
191-10877-69,C0877,CTA AHORROS SOLES,Callao,27/11/2018,4810.69
191-10878-59,C0878,CTA AHORROS DOLARES,La Molina,03/12/2017,11058.27
191-10879-99,C0879,CTA AHORROS SOLES,Surco,24/11/2018,11962.55
191-10880-90,C0880,CTA CORRIENTE,Cajamarca,30/05/2017,13340.28
191-10881-88,C0881,CTA AHORROS SOLES,Lince,30/04/2015,10522.34
191-10882-65,C0882,CTA AHORROS DOLARES,Cajamarca,05/11/2012,9778.94
191-10883-78,C0883,CTA AHORROS SOLES,Surco,17/01/2015,10253.83
191-10884-39,C0884,CTA AHORROS SOLES,San Isidro,21/12/2022,4353.84
191-10885-78,C0885,CTA AHORROS DOLARES,Callao,11/09/2014,14657.03
191-10886-96,C0886,CTA AHORROS SOLES,Cajamarca,04/12/2015,14610.12
191-10887-40,C0887,CTA CORRIENTE,La Molina,04/12/2021,8175.76
191-10888-45,C0888,CTA AHORROS SOLES,Lince,10/09/2023,10129.1
191-10889-50,C0889,CTA AHORROS SOLES,Lince,24/02/2016,5143.5
191-10890-51,C0890,CTA AHORROS SOLES,Cajamarca,27/02/2023,2721.06
191-10891-45,C0891,CTA AHORROS SOLES,Surco,07/09/2018,12497.24
191-10892-63,C0892,CTA CORRIENTE,Miraflores,19/03/2018,2053.75
191-10893-37,C0893,CTA AHORROS SOLES,San Isidro,27/08/2011,9222.6
191-10894-36,C0894,CTA CORRIENTE,La Molina,28/08/2011,6308.01
191-10895-38,C0895,CTA AHORROS SOLES,San Isidro,24/01/2013,1516.35
191-10896-62,C0896,CTA AHORROS DOLARES,Surco,28/05/2022,8457.28
191-10897-86,C0897,CTA AHORROS SOLES,Surco,02/08/2022,10436.24
191-10898-18,C0898,CTA AHORROS SOLES,Miraflores,03/12/2024,14070.28
191-10899-52,C0899,CTA AHORROS SOLES,Callao,23/01/2023,2342.64
191-10900-47,C0900,CTA AHORROS SOLES,Surco,12/10/2010,13157.85
191-10901-56,C0901,CTA CORRIENTE,Surco,22/01/2020,1876.96
191-10902-98,C0902,CTA AHORROS SOLES,La Molina,14/03/2017,13946.86
191-10903-86,C0903,CTA AHORROS SOLES,San Isidro,08/01/2024,12041.67
191-10904-28,C0904,CTA AHORROS SOLES,Miraflores,02/11/2018,11566.88
191-10905-35,C0905,CTA AHORROS DOLARES,Callao,15/08/2012,3213.73
191-10906-49,C0906,CTA AHORROS SOLES,Callao,28/06/2013,8050.55
191-10907-22,C0907,CTA AHORROS SOLES,Surco,02/04/2017,14774.96
191-10908-97,C0908,CTA AHORROS DOLARES,San Isidro,13/10/2019,10466.18
191-10909-12,C0909,CTA AHORROS SOLES,San Isidro,28/03/2016,1972.26
191-10910-50,C0910,CTA AHORROS SOLES,Lince,11/11/2018,11719.6
191-10911-58,C0911,CTA AHORROS SOLES,San Isidro,17/11/2023,14722.19
191-10912-52,C0912,CTA AHORROS SOLES,Lince,26/12/2013,6953.52
191-10913-28,C0913,CTA AHORROS SOLES,Surco,25/11/2021,6994.53
191-10914-20,C0914,CTA AHORROS SOLES,Lince,20/02/2014,5763.6
191-10915-54,C0915,CTA AHORROS SOLES,Miraflores,26/09/2017,12168.5
191-10916-53,C0916,CTA AHORROS DOLARES,Cajamarca,08/01/2017,7159.27
191-10917-63,C0917,CTA AHORROS DOLARES,La Molina,15/04/2024,7690.68
191-10918-82,C0918,CTA AHORROS SOLES,Callao,09/01/2022,7316.68
191-10919-68,C0919,CTA AHORROS SOLES,Callao,31/12/2023,12625.19
191-10920-13,C0920,CTA AHORROS SOLES,Cajamarca,10/11/2018,11110.55
191-10921-20,C0921,CTA AHORROS DOLARES,Cajamarca,14/12/2010,1917.73
191-10922-91,C0922,CTA AHORROS DOLARES,Miraflores,09/04/2020,12168.21
191-10923-42,C0923,CTA AHORROS DOLARES,La Molina,24/02/2015,6962.44
191-10924-24,C0924,CTA AHORROS SOLES,Surco,05/11/2017,10371.05
191-10925-17,C0925,CTA AHORROS SOLES,Miraflores,26/08/2010,7207.48
191-10926-22,C0926,CTA AHORROS SOLES,San Isidro,23/06/2017,6932.44
191-10927-85,C0927,CTA AHORROS SOLES,Cajamarca,13/08/2015,5374.26
191-10928-89,C0928,CTA AHORROS DOLARES,Cajamarca,27/10/2011,2738.0
191-10929-73,C0929,CTA AHORROS DOLARES,Lince,21/03/2011,12511.12
191-10930-72,C0930,CTA AHORROS SOLES,Callao,08/03/2019,8338.09
191-10931-75,C0931,CTA AHORROS SOLES,Lince,19/10/2015,6584.26
191-10932-41,C0932,CTA AHORROS SOLES,Cajamarca,16/10/2010,2604.57
191-10933-85,C0933,CTA AHORROS DOLARES,Surco,15/10/2013,12428.78
191-10934-31,C0934,CTA AHORROS SOLES,La Molina,01/02/2013,2102.62
191-10935-11,C0935,CTA AHORROS SOLES,Callao,22/10/2019,3546.82
191-10936-70,C0936,CTA CORRIENTE,Callao,24/10/2020,9072.21
191-10937-16,C0937,CTA CORRIENTE,Surco,23/06/2015,4563.66
191-10938-14,C0938,CTA CORRIENTE,Miraflores,08/10/2022,10284.12
191-10939-86,C0939,CTA AHORROS SOLES,San Isidro,11/09/2024,4962.16
191-10940-40,C0940,CTA AHORROS DOLARES,Lince,02/04/2020,4021.02
191-10941-99,C0941,CTA AHORROS SOLES,Surco,22/11/2020,13313.07
191-10942-97,C0942,CTA AHORROS DOLARES,Lince,19/11/2014,10804.6
191-10943-33,C0943,CTA AHORROS SOLES,Callao,23/11/2014,2291.73
191-10944-21,C0944,CTA AHORROS SOLES,Cajamarca,26/09/2022,9773.51
191-10945-16,C0945,CTA AHORROS DOLARES,Callao,09/02/2014,1772.04
191-10946-76,C0946,CTA AHORROS SOLES,La Molina,26/04/2021,2263.56
191-10947-24,C0947,CTA AHORROS SOLES,Lince,12/10/2011,6393.17
191-10948-57,C0948,CTA AHORROS DOLARES,San Isidro,04/06/2018,7962.04
191-10949-10,C0949,CTA AHORROS SOLES,La Molina,29/04/2014,13826.72
191-10950-32,C0950,CTA CORRIENTE,Lince,13/04/2011,6868.06
191-10951-28,C0951,CTA AHORROS DOLARES,Surco,31/07/2023,11869.68
191-10952-48,C0952,CTA AHORROS SOLES,San Isidro,29/11/2015,6685.92
191-10953-77,C0953,CTA AHORROS SOLES,Callao,05/02/2019,2146.21
191-10954-25,C0954,CTA AHORROS SOLES,Callao,15/08/2017,3974.09
191-10955-34,C0955,CTA AHORROS SOLES,Miraflores,02/04/2023,1169.37
191-10956-93,C0956,CTA AHORROS SOLES,Miraflores,11/11/2010,9954.84
191-10957-12,C0957,CTA AHORROS DOLARES,Lince,16/03/2021,13617.51
191-10958-13,C0958,CTA AHORROS DOLARES,Lince,04/05/2010,10228.38
191-10959-83,C0959,CTA AHORROS SOLES,La Molina,24/10/2014,13135.62
191-10960-91,C0960,CTA CORRIENTE,Miraflores,06/04/2018,11347.08
191-10961-11,C0961,CTA AHORROS DOLARES,La Molina,03/05/2020,3333.17
191-10962-93,C0962,CTA AHORROS DOLARES,La Molina,12/11/2022,3209.13
191-10963-26,C0963,CTA AHORROS SOLES,La Molina,22/10/2011,5659.24
191-10964-57,C0964,CTA AHORROS DOLARES,San Isidro,22/03/2019,1667.19
191-10965-74,C0965,CTA AHORROS SOLES,Cajamarca,29/01/2024,1482.51
191-10966-10,C0966,CTA AHORROS SOLES,Lince,03/08/2011,5818.26
191-10967-83,C0967,CTA AHORROS DOLARES,Miraflores,03/05/2019,14555.67
191-10968-23,C0968,CTA CORRIENTE,Callao,30/06/2016,7723.41
191-10969-18,C0969,CTA CORRIENTE,Callao,29/09/2018,3965.62
191-10970-63,C0970,CTA CORRIENTE,Cajamarca,04/10/2017,5784.83
191-10971-29,C0971,CTA AHORROS SOLES,Callao,23/01/2011,11355.33
191-10972-42,C0972,CTA AHORROS SOLES,Callao,24/06/2020,9317.68
191-10973-34,C0973,CTA AHORROS SOLES,San Isidro,06/03/2015,2341.05
191-10974-75,C0974,CTA AHORROS SOLES,San Isidro,02/12/2013,8338.11
191-10975-73,C0975,CTA AHORROS SOLES,Cajamarca,15/12/2022,5977.58
191-10976-85,C0976,CTA AHORROS DOLARES,Lince,22/05/2013,11853.23
191-10977-42,C0977,CTA AHORROS SOLES,Cajamarca,25/02/2020,1284.46
191-10978-64,C0978,CTA AHORROS SOLES,San Isidro,29/03/2014,12546.93
191-10979-52,C0979,CTA AHORROS SOLES,Miraflores,27/02/2014,2184.7
191-10980-98,C0980,CTA AHORROS SOLES,Callao,28/01/2020,14188.43
191-10981-53,C0981,CTA CORRIENTE,Lince,31/12/2015,8806.32
191-10982-36,C0982,CTA AHORROS SOLES,Surco,23/05/2017,14779.82
191-10983-62,C0983,CTA CORRIENTE,Lince,02/05/2013,6360.0
191-10984-11,C0984,CTA AHORROS SOLES,Cajamarca,16/07/2019,2186.05
191-10985-35,C0985,CTA AHORROS SOLES,San Isidro,26/11/2013,13042.99
191-10986-13,C0986,CTA CORRIENTE,La Molina,26/02/2023,12250.79
191-10987-30,C0987,CTA AHORROS SOLES,Cajamarca,24/08/2014,13749.61
191-10988-71,C0988,CTA CORRIENTE,Cajamarca,26/08/2019,14019.73
191-10989-80,C0989,CTA CORRIENTE,La Molina,29/01/2010,5686.53
191-10990-38,C0990,CTA AHORROS SOLES,La Molina,16/10/2015,13559.8
191-10991-91,C0991,CTA AHORROS DOLARES,San Isidro,17/09/2020,13265.28
191-10992-89,C0992,CTA AHORROS SOLES,Miraflores,18/09/2011,778.36
191-10993-86,C0993,CTA CORRIENTE,Surco,07/01/2019,8391.87
191-10994-91,C0994,CTA AHORROS DOLARES,Cajamarca,11/11/2019,3510.07
191-10995-81,C0995,CTA AHORROS SOLES,La Molina,03/09/2014,14553.1
191-10996-45,C0996,CTA AHORROS SOLES,Cajamarca,15/01/2022,11721.3
191-10997-56,C0997,CTA AHORROS SOLES,Cajamarca,19/10/2016,6994.76
191-10998-66,C0998,CTA AHORROS SOLES,Surco,28/06/2018,10542.71
191-10999-75,C0999,CTA AHORROS SOLES,La Molina,15/03/2010,13422.44
191-11000-50,C1000,CTA CORRIENTE,Surco,02/07/2011,8506.18
